Hokkaido,                        
Aomori,
Akita,
Iwate,
Yamagata, 
Miyagi,
Fukushima,
Ibaraki,
Tochigi,
Gunma, 
Saitama, 
Tokyo, 
Chiba, 
Kanagawa, 
Niigata, 
Nagano, 
Yamanashi, 
Shizuoka, 
Toyama, 
Gifu, 
Aichi, 
Ishikawa, 
Fukui, 
Shiga, 
Mie,
Nara, 
Kyoto,
Osaka, 
Wakayama,
Hyogo, 
Tottori, 
Okayama,
Shimane, 
Hiroshima, 
Yamaguchi, 
Kagawa,
Tokushima,
Ehime,
Kochi,
Fukuoka,
Oita,
Miyazaki,
Kumamoto,
Kagoshima, 
Saga,
Nagasaki, 
Okinawa, 
Iriomote, 
 ,
STAGE46, 
STAGE45,
STAGE44,
STAGE43,
STAGE42,
STAGE41,
STAGE40,
STAGE39,
STAGE38,
STAGE37,
STAGE36,
STAGE35,
STAGE34,
STAGE33,
STAGE32,
STAGE31,
STAGE30,
STAGE29,
STAGE28,
STAGE27,
STAGE26,
STAGE25,
STAGE24
STAGE23,
STAGE22,
STAGE21,
STAGE20,
STAGE19,
STAGE18,
STAGE17,
STAGE16,
STAGE15,
STAGE14,
STAGE13,
STAGE12,
STAGE11,
STAGE10,
STAGE09,
STAGE08,
STAGE07,
STAGE06,
STAGE05,
STAGE04,
STAGE03,
STAGE02,
STAGE01,
STAGE47,
STAGE48,
STAGE49,
 ,
 ,
 ,
 
 